{
  "CIFAR100_Fine": {
    "dataset_name": "CIFAR100Adapter",
    "num_samples": 10000,
    "num_classes": 100,
    "accuracy": 0.6435999870300293,
    "top5_accuracy": 0.8817,
    "per_class_accuracy": {
      "apple": 0.8700000047683716,
      "aquarium_fish": 0.75,
      "baby": 0.7799999713897705,
      "bear": 0.5,
      "beaver": 0.3700000047683716,
      "bed": 0.6700000166893005,
      "bee": 0.7300000190734863,
      "beetle": 0.5099999904632568,
      "bicycle": 0.8999999761581421,
      "bottle": 0.9200000166893005,
      "bowl": 0.28999999165534973,
      "boy": 0.6399999856948853,
      "bridge": 0.7599999904632568,
      "bus": 0.5899999737739563,
      "butterfly": 0.5799999833106995,
      "camel": 0.8299999833106995,
      "can": 0.8199999928474426,
      "castle": 0.6899999976158142,
      "caterpillar": 0.3700000047683716,
      "cattle": 0.8600000143051147,
      "chair": 0.9700000286102295,
      "chimpanzee": 0.9100000262260437,
      "clock": 0.7900000214576721,
      "cloud": 0.7099999785423279,
      "cockroach": 0.6399999856948853,
      "couch": 0.6000000238418579,
      "crab": 0.6100000143051147,
      "crocodile": 0.18000000715255737,
      "cup": 0.6499999761581421,
      "dinosaur": 0.550000011920929,
      "dolphin": 0.7300000190734863,
      "elephant": 0.75,
      "flatfish": 0.5099999904632568,
      "forest": 0.41999998688697815,
      "fox": 0.6700000166893005,
      "girl": 0.5899999737739563,
      "hamster": 0.8600000143051147,
      "house": 0.8100000023841858,
      "kangaroo": 0.7599999904632568,
      "keyboard": 0.8500000238418579,
      "lamp": 0.7300000190734863,
      "lawn_mower": 0.9800000190734863,
      "leopard": 0.3199999928474426,
      "lion": 0.7400000095367432,
      "lizard": 0.3499999940395355,
      "lobster": 0.1599999964237213,
      "man": 0.6299999952316284,
      "maple_tree": 0.5699999928474426,
      "motorcycle": 0.8500000238418579,
      "mountain": 0.9200000166893005,
      "mouse": 0.12999999523162842,
      "mushroom": 0.6299999952316284,
      "oak_tree": 0.5099999904632568,
      "orange": 0.8999999761581421,
      "orchid": 0.7900000214576721,
      "otter": 0.27000001072883606,
      "palm_tree": 0.9399999976158142,
      "pear": 0.7699999809265137,
      "pickup_truck": 0.949999988079071,
      "pine_tree": 0.8299999833106995,
      "plain": 0.6100000143051147,
      "plate": 0.6899999976158142,
      "poppy": 0.6499999761581421,
      "porcupine": 0.20999999344348907,
      "possum": 0.3100000023841858,
      "rabbit": 0.6000000238418579,
      "raccoon": 0.5699999928474426,
      "ray": 0.029999999329447746,
      "road": 0.9599999785423279,
      "rocket": 0.9200000166893005,
      "rose": 0.550000011920929,
      "sea": 0.8399999737739563,
      "seal": 0.4399999976158142,
      "shark": 0.4300000071525574,
      "shrew": 0.44999998807907104,
      "skunk": 0.6899999976158142,
      "skyscraper": 0.7900000214576721,
      "snail": 0.5299999713897705,
      "snake": 0.6800000071525574,
      "spider": 0.5099999904632568,
      "squirrel": 0.5199999809265137,
      "streetcar": 0.699999988079071,
      "sunflower": 0.9300000071525574,
      "sweet_pepper": 0.6499999761581421,
      "table": 0.6700000166893005,
      "tank": 0.7400000095367432,
      "telephone": 0.8100000023841858,
      "television": 0.7799999713897705,
      "tiger": 0.4399999976158142,
      "tractor": 0.6700000166893005,
      "train": 0.8799999952316284,
      "trout": 0.28999999165534973,
      "tulip": 0.8399999737739563,
      "turtle": 0.3199999928474426,
      "wardrobe": 0.8199999928474426,
      "whale": 0.550000011920929,
      "willow_tree": 0.4000000059604645,
      "wolf": 0.5400000214576721,
      "woman": 0.8299999833106995,
      "worm": 0.5600000023841858
    },
    "mean_per_class_accuracy": 0.6435999870300293,
    "confusion_matrix": null,
    "model_info": {
      "model_name": "ViT-B/32",
      "device": "cuda",
      "use_ensemble": true,
      "vision_width": 224,
      "vision_layers": 12,
      "embed_dim": 512
    },
    "evaluation_time": "2025-06-23T17:43:04.620836"
  },
  "CIFAR100_Coarse": {
    "dataset_name": "CIFAR100Adapter",
    "num_samples": 10000,
    "num_classes": 20,
    "accuracy": 0.5006999969482422,
    "top5_accuracy": 0.906,
    "per_class_accuracy": {
      "aquatic_mammals": 0.6000000238418579,
      "fish": 0.35600000619888306,
      "flowers": 0.9200000166893005,
      "food_containers": 0.7279999852180481,
      "fruit_and_vegetables": 0.7459999918937683,
      "household_electrical_devices": 0.628000020980835,
      "household_furniture": 0.8759999871253967,
      "insects": 0.5680000185966492,
      "large_carnivores": 0.019999999552965164,
      "large_man-made_outdoor_things": 0.3799999952316284,
      "large_natural_outdoor_scenes": 0.8999999761581421,
      "large_omnivores_and_herbivores": 0.5720000267028809,
      "medium_mammals": 0.07400000095367432,
      "non-insect_invertebrates": 0.2800000011920929,
      "people": 0.28600001335144043,
      "reptiles": 0.2280000001192093,
      "small_mammals": 0.8019999861717224,
      "trees": 0.42399999499320984,
      "vehicles_1": 0.25999999046325684,
      "vehicles_2": 0.3659999966621399
    },
    "mean_per_class_accuracy": 0.5006999969482422,