{
  "CIFAR100_Fine": {
    "dataset_name": "CIFAR100Adapter",
    "num_samples": 10000,
    "num_classes": 100,
    "accuracy": 0.6395999789237976,
    "top5_accuracy": 0.8811,
    "per_class_accuracy": {
      "apple": 0.8799999952316284,
      "aquarium_fish": 0.7599999904632568,
      "baby": 0.7900000214576721,
      "bear": 0.5299999713897705,
      "beaver": 0.3799999952316284,
      "bed": 0.699999988079071,
      "bee": 0.6899999976158142,
      "beetle": 0.5099999904632568,
      "bicycle": 0.8799999952316284,
      "bottle": 0.9200000166893005,
      "bowl": 0.30000001192092896,
      "boy": 0.6399999856948853,
      "bridge": 0.7400000095367432,
      "bus": 0.6000000238418579,
      "butterfly": 0.5899999737739563,
      "camel": 0.8399999737739563,
      "can": 0.8100000023841858,
      "castle": 0.6700000166893005,
      "caterpillar": 0.3199999928474426,
      "cattle": 0.8600000143051147,
      "chair": 0.949999988079071,
      "chimpanzee": 0.9100000262260437,
      "clock": 0.7799999713897705,
      "cloud": 0.7099999785423279,
      "cockroach": 0.6499999761581421,
      "couch": 0.6100000143051147,
      "crab": 0.6200000047683716,
      "crocodile": 0.23999999463558197,
      "cup": 0.6100000143051147,
      "dinosaur": 0.550000011920929,
      "dolphin": 0.7099999785423279,
      "elephant": 0.7699999809265137,
      "flatfish": 0.5299999713897705,
      "forest": 0.3799999952316284,
      "fox": 0.6600000262260437,
      "girl": 0.5799999833106995,
      "hamster": 0.8799999952316284,
      "house": 0.8100000023841858,
      "kangaroo": 0.7699999809265137,
      "keyboard": 0.8600000143051147,
      "lamp": 0.7200000286102295,
      "lawn_mower": 0.9900000095367432,
      "leopard": 0.28999999165534973,
      "lion": 0.7300000190734863,
      "lizard": 0.3400000035762787,
      "lobster": 0.17000000178813934,
      "man": 0.6299999952316284,
      "maple_tree": 0.5600000023841858,
      "motorcycle": 0.8100000023841858,
      "mountain": 0.9200000166893005,
      "mouse": 0.12999999523162842,
      "mushroom": 0.6399999856948853,
      "oak_tree": 0.4699999988079071,
      "orange": 0.9100000262260437,
      "orchid": 0.7799999713897705,
      "otter": 0.20000000298023224,
      "palm_tree": 0.9599999785423279,
      "pear": 0.7699999809265137,
      "pickup_truck": 0.9399999976158142,
      "pine_tree": 0.8299999833106995,
      "plain": 0.5199999809265137,
      "plate": 0.6600000262260437,
      "poppy": 0.6800000071525574,
      "porcupine": 0.20000000298023224,
      "possum": 0.30000001192092896,
      "rabbit": 0.6000000238418579,
      "raccoon": 0.550000011920929,
      "ray": 0.019999999552965164,
      "road": 0.9599999785423279,
      "rocket": 0.9300000071525574,
      "rose": 0.5799999833106995,
      "sea": 0.8500000238418579,
      "seal": 0.4300000071525574,
      "shark": 0.44999998807907104,
      "shrew": 0.4399999976158142,
      "skunk": 0.6700000166893005,
      "skyscraper": 0.800000011920929,
      "snail": 0.550000011920929,
      "snake": 0.6600000262260437,
      "spider": 0.5299999713897705,
      "squirrel": 0.5199999809265137,
      "streetcar": 0.6700000166893005,
      "sunflower": 0.9300000071525574,
      "sweet_pepper": 0.6299999952316284,
      "table": 0.7099999785423279,
      "tank": 0.7400000095367432,
      "telephone": 0.7900000214576721,
      "television": 0.7799999713897705,
      "tiger": 0.4399999976158142,
      "tractor": 0.5600000023841858,
      "train": 0.8799999952316284,
      "trout": 0.28999999165534973,
      "tulip": 0.8199999928474426,
      "turtle": 0.3199999928474426,
      "wardrobe": 0.8399999737739563,
      "whale": 0.5899999737739563,
      "willow_tree": 0.3799999952316284,
      "wolf": 0.5099999904632568,
      "woman": 0.8299999833106995,
      "worm": 0.5699999928474426
    },
    "mean_per_class_accuracy": 0.6395999789237976,
    "confusion_matrix": null,
    "model_info": {
      "model_name": "ViT-B/32",
      "device": "cuda",
      "use_ensemble": true,
      "vision_width": 224,
      "vision_layers": 12,
      "embed_dim": 512
    },
    "evaluation_time": "2025-06-20T17:46:16.108512"
  },
  "CIFAR100_Coarse": {
    "dataset_name": "CIFAR100Adapter",
    "num_samples": 10000,
    "num_classes": 20,
    "accuracy": 0.49970000982284546,
    "top5_accuracy": 0.9029,
    "per_class_accuracy": {
      "aquatic_mammals": 0.5979999899864197,
      "fish": 0.33799999952316284,
      "flowers": 0.8939999938011169,
      "food_containers": 0.7480000257492065,
      "fruit_and_vegetables": 0.7419999837875366,
      "household_electrical_devices": 0.621999979019165,
      "household_furniture": 0.871999979019165,
      "insects": 0.5400000214576721,
      "large_carnivores": 0.02199999988079071,
      "large_man-made_outdoor_things": 0.3880000114440918,
      "large_natural_outdoor_scenes": 0.906000018119812,
      "large_omnivores_and_herbivores": 0.5860000252723694,
      "medium_mammals": 0.05999999865889549,
      "non-insect_invertebrates": 0.2939999997615814,
      "people": 0.4099999964237213,
      "reptiles": 0.23399999737739563,
      "small_mammals": 0.7919999957084656,
      "trees": 0.35600000619888306,
      "vehicles_1": 0.23000000417232513,
      "vehicles_2": 0.3619999885559082
    },
    "mean_per_class_accuracy": 0.49970000982284546,