{
  "SUN397": {
    "dataset_name": "SUN397Adapter",
    "num_samples": 87003,
    "samples_processed": 87003,
    "num_classes": 397,
    "accuracy": 0.49814373254776,
    "top5_accuracy": 0.7051480983414365,
    "per_class_accuracy": {
      "abbey": 0.6892950534820557,
      "airplane cabin": 0.8804348111152649,
      "airport terminal": 0.5481651425361633,
      "alley": 0.652671754360199,
      "amphitheater": 0.8844621777534485,
      "amusement arcade": 0.4067796468734741,
      "amusement park": 0.6046128273010254,
      "anechoic chamber": 0.9428571462631226,
      "": 0.0,
      "aquarium": 0.978723406791687,
      "aqueduct": 0.7944250702857971,
      "arch": 0.5792349576950073,
      "archive": 0.5476190447807312,
      "art gallery": 0.8454935550689697,
      "art school": 0.12820513546466827,
      "art studio": 0.7751938104629517,
      "assembly line": 0.4736842215061188,
      "public": 0.0,
      "attic": 0.7046263217926025,
      "auditorium": 0.5323740839958191,
      "auto factory": 0.7551020383834839,
      "badlands": 0.8645833134651184,
      "baggage claim": 0.8131868243217468,
      "shop": 0.002710027154535055,
      "exterior": 0.0,
      "interior": 0.0,
      "ball pit": 0.976331353187561,
      "ballroom": 0.7956989407539368,
      "bamboo forest": 0.9426229596138,
      "banquet hall": 0.8125,
      "bar": 0.7433628439903259,
      "barn": 0.757709264755249,
      "barndoor": 0.4954128563404083,
      "baseball field": 0.8340611457824707,
      "basement": 0.5289255976676941,
      "basilica": 0.850806474685669,
      "bathroom": 0.6078166961669922,
      "batters box": 0.7872340679168701,
      "bayou": 0.24637681245803833,
      "beach": 0.6930999159812927,
      "beauty salon": 0.8367816209793091,
      "bedroom": 0.6341169476509094,
      "berth": 0.24210526049137115,
      "biology laboratory": 0.6835442781448364,
      "boardwalk": 0.7387387156486511,
      "boat deck": 0.5656565427780151,
      "boathouse": 0.9090909361839294,
      "bookstore": 0.8505747318267822,
      "botanical garden": 0.20183485746383667,
      "bowling alley": 0.960606038570404,
      "boxing ring": 0.8857142925262451,
      "bridge": 0.5233786106109619,
      "building facade": 0.16342411935329437,
      "bullring": 0.8055555820465088,
      "burial chamber": 0.39772728085517883,
      "bus interior": 0.8979591727256775,
      "butchers shop": 0.7819148898124695,
      "butte": 0.8166666626930237,
      "cafeteria": 0.6206896305084229,
      "campsite": 0.8612565398216248,
      "campus": 0.6857143044471741,
      "natural": 0.0,
      "urban": 0.005102040711790323,
      "candy store": 0.6459330320358276,
      "canyon": 0.7224880456924438,
      "backseat": 0.07103825360536575,
      "frontseat": 0.41999998688697815,
      "carrousel": 0.9677419066429138,
      "castle": 0.5821759104728699,
      "catacomb": 0.719298243522644,
      "cemetery": 0.9305856823921204,
      "chalet": 0.7228915691375732,
      "cheese factory": 0.8809523582458496,
      "chemistry lab": 0.18110236525535583,
      "childs room": 0.7022900581359863,
      "classroom": 0.6514285802841187,
      "clean room": 0.20388349890708923,
      "cliff": 0.4888888895511627,
      "closet": 0.8719007968902588,
      "clothing store": 0.5735294222831726,
      "coast": 0.2506963908672333,
      "cockpit": 0.9579524397850037,
      "coffee shop": 0.3571428656578064,
      "computer room": 0.7320261597633362,
      "conference center": 0.17073170840740204,
      "conference room": 0.7970370650291443,
      "construction site": 0.7009345889091492,
      "control room": 0.824999988079071,
      "corn field": 0.8181818127632141,
      "corral": 0.28318583965301514,
      "corridor": 0.8021978139877319,
      "cottage garden": 0.4491978585720062,
      "courthouse": 0.868852436542511,
      "courtroom": 0.93388432264328,
      "courtyard": 0.6794871687889099,
      "creek": 0.751724123954773,
      "crevasse": 0.8102189898490906,
      "crosswalk": 0.7105262875556946,
      "office": 0.0,
      "dam": 0.9285714030265808,
      "delicatessen": 0.5752688050270081,
      "dentists office": 0.7338129281997681,
      "sand": 0.6612244844436646,
      "vegetation": 0.53125,
      "home": 0.0,
      "vehicle": 0.0,
      "dining car": 0.928205132484436,
      "dining room": 0.8768420815467834,
      "discotheque": 0.8782608509063721,
      "dock": 0.7200000286102295,
      "dorm room": 0.7054263353347778,
      "driveway": 0.8181818127632141,
      "drugstore": 0.08490566164255142,
      "electrical substation": 0.9756097793579102,
      "door": 0.2869565188884735,
      "elevator shaft": 0.603960394859314,
      "engine room": 0.8514851331710815,
      "excavation": 0.5875486135482788,
      "fairway": 0.7099999785423279,
      "fastfood restaurant": 0.47857141494750977,
      "cultivated": 0.018115941435098648,
      "wild": 0.0,
      "fire escape": 0.7656903862953186,
      "fire station": 0.9090909361839294,
      "fishpond": 0.6793892979621887,
      "food court": 0.9090909361839294,
      "broadleaf": 0.014634146355092525,
      "needleleaf": 0.0,
      "forest path": 0.6509901285171509,
      "forest road": 0.9268292784690857,
      "formal garden": 0.6915422677993774,
      "fountain": 0.8313252925872803,
      "galley": 0.7277227640151978,
      "game room": 0.3005780279636383,
      "garbage dump": 0.20000000298023224,
      "gas station": 0.7706766724586487,
      "gift shop": 0.6666666865348816,
      "golf course": 0.4415384531021118,
      "harbor": 0.6497461795806885,
      "hayfield": 0.6396396160125732,
      "heliport": 0.9166666865348816,
      "herb garden": 0.5555555820465088,
      "highway": 0.5190839767456055,
      "hill": 0.23140496015548706,
      "home office": 0.5034482479095459,
      "hospital": 0.5520833134651184,
      "hospital room": 0.8074533939361572,
      "hot spring": 0.8351648449897766,
      "hotel room": 0.6840795874595642,
      "house": 0.2956298291683197,
      "ice cream parlor": 0.4941176474094391,
      "ice floe": 0.5350318551063538,
      "ice shelf": 0.5096153616905212,
      "iceberg": 0.7291666865348816,
      "igloo": 0.8549618124961853,
      "industrial area": 0.5877193212509155,
      "islet": 0.7352941036224365,
      "jail cell": 0.8979591727256775,
      "jewelry shop": 0.6978417038917542,
      "kasbah": 0.9020978808403015,
      "kindergarden classroom": 0.8918918967247009,
      "kitchen": 0.6000000238418579,
      "kitchenette": 0.7870370149612427,
      "landfill": 0.898876428604126,
      "landing deck": 0.9877551198005676,
      "laundromat": 0.8656716346740723,
      "lecture room": 0.550632894039154,
      "lift bridge": 0.807692289352417,
      "lighthouse": 0.9362244606018066,
      "limousine interior": 0.9506173133850098,
      "living room": 0.5541468858718872,
      "lobby": 0.6139410138130188,
      "lock chamber": 0.19736842811107635,
      "locker room": 0.6561403274536133,
      "mansion": 0.3916666805744171,
      "manufactured home": 0.9259259104728699,
      "marsh": 0.8648648858070374,
      "martial arts gym": 0.9932432174682617,
      "mausoleum": 0.8037974834442139,
      "medina": 0.3947368562221527,
      "water": 0.012195121496915817,
      "motel": 0.671875,
      "mountain": 0.29383885860443115,
      "mountain snowy": 0.2718120813369751,
      "music store": 0.75,
      "music studio": 0.8899999856948853,
      "nursery": 0.23618090152740479,
      "oast house": 0.9418604373931885,
      "ocean": 0.47311827540397644,
      "office building": 0.48728814721107483,
      "oilrig": 0.9940119981765747,
      "operating room": 0.7349397540092468,
      "orchard": 0.84375,
      "pagoda": 0.9627329111099243,
      "palace": 0.5287356376647949,
      "pantry": 0.8726851940155029,
      "park": 0.3760683834552765,
      "parking lot": 0.6342182755470276,
      "parlor": 0.7961538434028625,
      "pasture": 0.7326315641403198,
      "patio": 0.7113401889801025,
      "pavilion": 0.19130434095859528,