{
  "CIFAR10": {
    "dataset_name": "CIFAR10Adapter",
    "num_samples": 10000,
    "num_classes": 10,
    "accuracy": 0.8956999778747559,
    "top5_accuracy": 0.9955,
    "per_class_accuracy": {
      "airplane": 0.9139999747276306,
      "automobile": 0.9440000057220459,
      "bird": 0.8730000257492065,
      "cat": 0.871999979019165,
      "deer": 0.8149999976158142,
      "dog": 0.8859999775886536,
      "frog": 0.7870000004768372,
      "horse": 0.9729999899864197,
      "ship": 0.9549999833106995,
      "truck": 0.9380000233650208
    },
    "mean_per_class_accuracy": 0.8957000970840454,
    "confusion_matrix": [
      [
        914,
        8,
        48,
        0,
        0,
        1,
        1,
        0,
        23,
        5
      ],
      [
        2,
        944,
        0,
        0,
        0,
        1,
        0,
        0,
        2,
        51
      ],
      [
        12,
        1,
        873,
        24,
        36,
        15,
        6,
        31,
        2,
        0
      ],
      [
        2,
        6,
        13,
        872,
        10,
        74,
        9,
        10,
        4,
        0
      ],
      [
        3,
        1,
        18,
        16,
        815,
        21,
        6,
        117,
        3,
        0
      ],
      [
        0,
        1,
        15,
        72,
        12,
        886,
        1,
        11,
        2,
        0
      ],
      [
        1,
        4,
        46,
        89,
        22,
        29,
        787,
        9,
        13,
        0
      ],
      [
        4,
        1,
        4,
        4,
        7,
        7,
        0,
        973,
        0,
        0
      ],
      [
        27,
        10,
        2,
        0,
        1,
        1,
        0,
        0,
        955,
        4
      ],
      [
        2,
        49,
        0,
        0,
        0,
        0,
        0,
        0,
        11,
        938
      ]
    ],
    "model_info": {
      "model_name": "ViT-B/32",
      "device": "cuda",
      "use_ensemble": true,
      "vision_width": 224,
      "vision_layers": 12,
      "embed_dim": 512
    },
    "evaluation_time": "2025-06-23T17:42:30.616653"
  }
}